<?xml version="1.0" encoding="utf-8" ?>
<!DOCTYPE article PUBLIC "-//NLM//DTD JATS (Z39.96) Journal Archiving
and Interchange DTD v1.2 20190208//EN" "JATS-archivearticle1.dtd">

<article xmlns:mml="http://www.w3.org/1998/Math/MathML" xmlns:xlink="http://www.w3.org/1999/xlink" dtd-version="1.2" article-type="other">

<front>


<article-meta>


<title-group>
<article-title>La Palma Earthquake Mechanisms</article-title>
</title-group>

<contrib-group>
<contrib contrib-type="author" corresp="yes">
<contrib-id contrib-id-type="orcid">0009-0006-0181-3099</contrib-id>
<name>
<surname>Zalesky</surname>
<given-names>Travis</given-names>
</name>
<string-name>Travis Zalesky</string-name>

<email>travisz@arizona.edu</email>
<role vocab="https://credit.niso.org" vocab-term="investigation" vocab-term-identifier="https://credit.niso.org/contributor-roles/investigation/">Investigation</role>
<role vocab="https://credit.niso.org" vocab-term="project
administration" vocab-term-identifier="https://credit.niso.org/contributor-roles/project-administration/">Project
administration</role>
<role vocab="https://credit.niso.org" vocab-term="software" vocab-term-identifier="https://credit.niso.org/contributor-roles/software/">Software</role>
<role vocab="https://credit.niso.org" vocab-term="visualization" vocab-term-identifier="https://credit.niso.org/contributor-roles/visualization/">Visualization</role>
<xref ref-type="aff" rid="aff-1">a</xref>
<xref ref-type="corresp" rid="cor-1">&#x002A;</xref>
</contrib>
</contrib-group>
<aff id="aff-1">
<institution-wrap>
<institution>University of Arizona</institution>
</institution-wrap>







</aff>
<author-notes>
<corresp id="cor-1">travisz@arizona.edu</corresp>
</author-notes>









<history></history>


<abstract>
<p>A variety of remote sensing methods are investigated for their
ability to detect ephemeral water bodies across the state of Arizona.
The strengths and weaknesses of each are discussed.</p>
</abstract>
<kwd-group kwd-group-type="author">
<kwd>ephemeral (transient) water</kwd>
<kwd>flood</kwd>
<kwd>LandSat</kwd>
<kwd>MODIS</kwd>
<kwd>playa</kwd>
<kwd>remote sensing</kwd>
<kwd>satellite data</kwd>
<kwd>sheet flow</kwd>
<kwd>synthetic aperture radar (SAR)</kwd>
</kwd-group>




</article-meta>

</front>

<body>
<sec id="introduction">
  <title>1 Introduction</title>
  <p>As part of the Arizona Tri-University Recharge (ATUR) project,
  multiple methods for identifying and quantifying ephemeral water
  bodies across the state of Arizona (AZ) are investigated. For reasons
  that will be discussed, accurate identification of ephemeral, or
  temporary, water bodies is a challenge, and efforts to-date have shown
  limited success. Methods, results, and challenges are discussed, and
  potential paths forward are explored.</p>
  <p>Ephemeral water bodies are common features in the arid American
  southwest. Typically very shallow, these water bodies range in size
  from a few cm rock pools to flash flood associated sheet flow, and
  playas up to several km in diameter
  (<xref alt="Crawford, 1981" rid="ref-Clifford_Crawford" ref-type="bibr">Crawford,
  1981</xref>;
  <xref alt="Whitford &amp; Duval, 2020" rid="ref-Whitford_Duval_2020" ref-type="bibr">Whitford
  &amp; Duval, 2020</xref>). While playas and intermittent streams are
  well mapped across AZ, there is no consensus on the volume of water
  which flows through these systems. More to the point, there is no
  widely accepted estimate of the volume of water which either
  evaporates or recharges from these internally draining basins.</p>
  <p>It is not clear what fraction of water which flows onto a playa is
  evaporated vs. recharged. On the one hand, the nature of playas
  results in the slow accumulation of surface salts and fine sediments
  (clays and silts), which are generally impervious and detrimental to
  infiltration and subsequent recharge
  (<xref alt="Whitford &amp; Duval, 2020" rid="ref-Whitford_Duval_2020" ref-type="bibr">Whitford
  &amp; Duval, 2020</xref>). Additionally, playas may be an oasis for
  drought resistant flora, increasing local evapotranspiration, even
  after shallow surface soil layers have dried out
  (<xref alt="Crawford, 1981" rid="ref-Clifford_Crawford" ref-type="bibr">Crawford,
  1981</xref>). Alternately, these mineral rich surface crusts may be
  prone to expansion when wetted, and are frequently characterized by
  deep cracks which provide avenues for water infiltration below the
  impervious layers
  (<xref alt="Whitford &amp; Duval, 2020" rid="ref-Whitford_Duval_2020" ref-type="bibr">Whitford
  &amp; Duval, 2020</xref>). While the majority of water flowing onto
  most playas will be lost to evaporation, there may be specific playas
  where water loss by infiltration may exceed evaporation
  (<xref alt="Whitford &amp; Duval, 2020" rid="ref-Whitford_Duval_2020" ref-type="bibr">Whitford
  &amp; Duval, 2020</xref>). At least initially, we will assume that all
  water flowing onto playas shall be evaporated, subject to later
  reevaluation and refinement.</p>
  <p>The primary target of this study is to estimate and quantify the
  volume of water flowing into small to medium sized playas, on the
  order of ~50 m to ~1 km in diameter, although identification of sheet
  flow may also be incidental. The general method outlined is to use
  remote sensing technology to identify standing water broadly across
  the study area, across a time series. By identifying standing water,
  and assuming a constant water depth, water volume can be estimated.
  Additionally, an approximation of “continuously wetted” days can
  provide an initial estimate of evaporation rates, and through
  comparison with alternate evapotranspiration estimates, may be useful
  for estimating infiltration rate (e.g. if water loss rate is 2
  cm^3/day and the evapotranspiration rate is 1.5 cm^3/day then the
  implied infiltration rate would be 0.5 cm^3/day).</p>
  <p>The study area used for method development is primarily Hualapai
  Playa (a.k.a. Red Lake), located in northwest AZ, approx. 60 km
  south-southwest of Lake Mead
  (<xref alt="Figure 1" rid="fig-PlayaRef">Figure 1</xref>). This
  ephemeral playa is roughly 1 km in diameter, and is one of the largest
  playas in AZ. Furthermore, local landowners surrounding Hualapai Playa
  have expressed sincere interest in our project, creating additional
  public-relations incentives related to this particular playa. Lastly,
  it’s proximity to Lake Mead and Lake Mohave provide a convenient
  region for testing these methods against known areas of permanent
  surface water.</p>
  <fig id="fig-PlayaRef">
    <caption><p>Figure 1: Hualapai Playa locator map.</p></caption>
    <graphic mimetype="image" mime-subtype="png" xlink:href="images/Hualapai_Playa_Reference.png" />
  </fig>
  <p>One of the most challenging aspects of developing these methods is
  the lack of quality ground-truth data. Without existing data regarding
  date and duration of standing water within these ephemeral features,
  it is extremely difficult to validate our methods. While reasonable
  assumptions can be made about method accuracy (or inaccuracy as the
  case may be), any method, either those presented herein, or future
  methods not yet considered, will have to be validated using a known
  and well characterized ephemeral water body, ideally within AZ, or
  elsewhere in a similar arid environment.</p>
</sec>
<sec id="methods-results">
  <title>2 Methods &amp; Results</title>
</sec>
<sec id="further-recommendations">
  <title>3 Further Recommendations</title>
</sec>
<sec id="conclusion">
  <title>4 Conclusion</title>
</sec>
</body>

<back>
<ref-list>
  <title>References</title>
  <ref id="ref-Clifford_Crawford">
    <element-citation publication-type="chapter">
      <person-group person-group-type="author">
        <name><surname>Crawford</surname><given-names>Clifford S.</given-names></name>
      </person-group>
      <article-title>Chapter 17 - the invertebrate community of ephemeral waters</article-title>
      <source>Biology of desert invertebrates</source>
      <publisher-name>Springer-Verlag</publisher-name>
      <publisher-loc>New York</publisher-loc>
      <year iso-8601-date="1981">1981</year>
      <isbn>978-3-642-85796-6</isbn>
      <fpage>234</fpage>
      <lpage>247</lpage>
    </element-citation>
  </ref>
  <ref id="ref-Whitford_Duval_2020">
    <element-citation publication-type="chapter">
      <person-group person-group-type="author">
        <name><surname>Whitford</surname><given-names>Walter G.</given-names></name>
        <name><surname>Duval</surname><given-names>Benjamin D.</given-names></name>
      </person-group>
      <article-title>Chapter 8 - consumers and their effects</article-title>
      <person-group person-group-type="editor">
        <name><surname>Whitford</surname><given-names>Walter G.</given-names></name>
        <name><surname>Duval</surname><given-names>Benjamin D.</given-names></name>
      </person-group>
      <publisher-name>Academic Press</publisher-name>
      <year iso-8601-date="2020-01">2020</year><month>01</month>
      <isbn>978-0-12-815055-9</isbn>
      <uri>https://www.sciencedirect.com/science/article/pii/B9780128150559000084</uri>
      <pub-id pub-id-type="doi">10.1016/B978-0-12-815055-9.00008-4</pub-id>
      <fpage>203</fpage>
      <lpage>263</lpage>
    </element-citation>
  </ref>
</ref-list>
</back>



</article>