{
  "hash": "269d0378ddccfa3d1b8540c75e9d2082",
  "result": {
    "engine": "jupyter",
    "markdown": "---\ntitle: La Palma Earthquake Mechanisms\nauthor:\n  - name: Travis Zalesky\n    orcid: 0009-0006-0181-3099\n    corresponding: true\n    email: travisz@arizona.edu\n    roles:\n      - Investigation\n      - Project administration\n      - Software\n      - Visualization\n    affiliations:\n      - University of Arizona\nkeywords:\n  - ephemeral (transient) water\n  - flood\n  - LandSat\n  - MODIS\n  - playa\n  - remote sensing\n  - satellite data\n  - sheet flow\n  - synthetic aperture radar (SAR)\nabstract: |\n  A variety of remote sensing methods are investigated for their ability to detect ephemeral water bodies across the state of Arizona. The strengths and weaknesses of each are discussed.\nplain-language-summary: |\n  Results and methods for detecting transient water bodies using satellite data.\ndate: last-modified\nbibliography: references.bib\ncsl: apa.csl  # citation style guide\nnumber-sections: true\njupyter: python3\n---\n\n\n\n\n\n\n## Introduction\nAs part of the Arizona Tri-University Recharge (ATUR) project, multiple methods for identifying and quantifying ephemeral water bodies across the state of Arizona (AZ) are investigated. For reasons that will be discussed, accurate identification of ephemeral, or temporary, water bodies is a challenge, and efforts to-date have shown limited success. Methods, results, and challenges are discussed, and potential paths forward are explored.\n\nEphemeral water bodies are common features in the arid American southwest. Typically very shallow, these water bodies range in size from a few cm rock pools to flash flood associated sheet flow, and playas up to several km in diameter [@Clifford_Crawford; @Whitford_Duval_2020]. While playas and intermittent streams are well mapped across AZ, there is no consensus on the volume of water which flows through these systems. More to the point, there is no widely accepted estimate of the volume of water which either evaporates or recharges from these internally draining basins. \n\nIt is not clear what fraction of water which flows onto a playa is evaporated vs. recharged. On the one hand, the nature of playas results in the slow accumulation of surface salts and fine sediments (clays and silts), which are generally impervious and detrimental to infiltration and subsequent recharge [@Whitford_Duval_2020]. Additionally, playas may be an oasis for drought resistant flora, increasing local evapotranspiration, even after shallow surface soil layers have dried out [@Clifford_Crawford]. Alternately, these mineral rich surface crusts may be prone to expansion when wetted, and are frequently characterized by deep cracks which provide avenues for water infiltration below the impervious layers [@Whitford_Duval_2020]. While the majority of water flowing onto most playas will be lost to evaporation, there may be specific playas where water loss by infiltration may exceed evaporation [@Whitford_Duval_2020]. At least initially, we will assume that all water flowing onto playas shall be evaporated, subject to later reevaluation and refinement.\n\nThe primary target of this study is to estimate and quantify the volume of water flowing into small to medium sized playas, on the order of ~50 m to ~1 km in diameter, although identification of sheet flow may also be incidental. The general method outlined is to use remote sensing technology to identify standing water broadly across the study area, across a time series. By identifying standing water, and assuming a constant water depth, water volume can be estimated. Additionally, an approximation of \"continuously wetted\" days can provide an initial estimate of evaporation rates, and through comparison with alternate evapotranspiration estimates, may be useful for estimating infiltration rate (e.g. if water loss rate is 2 cm^3/day and the evapotranspiration rate is 1.5 cm^3/day then the implied infiltration rate would be 0.5 cm^3/day).\n\nThe study area used for method development is primarily Hualapai Playa (a.k.a. Red Lake), located in northwest AZ, approx. 60 km south-southwest of Lake Mead (@fig-PlayaRef). This ephemeral playa is roughly 1 km in diameter, and is one of the largest playas in AZ. Furthermore, local landowners surrounding Hualapai Playa have expressed sincere interest in our project, creating additional public-relations incentives related to this particular playa. Lastly, it's proximity to Lake Mead and Lake Mohave provide a convenient region for testing these methods against known areas of permanent surface water.\n\n![Hualapai Playa locator map.](images/Hualapai_Playa_Reference.png){#fig-PlayaRef}\n\nOne of the most challenging aspects of developing these methods is the lack of quality ground-truth data. Without existing data regarding date and duration of standing water within these ephemeral features, it is extremely difficult to validate our methods. While reasonable assumptions can be made about method accuracy (or inaccuracy as the case may be), any method, either those presented herein, or future methods not yet considered, will have to be validated using a known and well characterized ephemeral water body, ideally within AZ, or elsewhere in a similar arid environment. \n\n## Methods & Results\n\n## Further Recommendations\n\n## Conclusion\n\n## References {.unnumbered}\n\n::: {#refs}\n:::\n\n",
    "supporting": [
      "index_files\\figure-docx"
    ],
    "filters": []
  }
}